{
    "CV/Job Health restrictions": "قيود الصحة في السيرة الذاتية / الوظيفة",
    "Actual QUALIFICATIONS": "المؤهلات الحالية",
    "QUALIFICATIONS for Job Mapping": "المؤهلات المطلوبة لرسم خريطة الوظائف",
    "Use to map Jobs": "استخدام لرسم خريطة الوظائف",
    "Diselect before map Jobs" : "إلغاء التحديد قبل رسم خريطة الوظائف",
    "Health restrictions / requirements": "قيود / متطلبات الصحة",
    "Client-e": "العميل",
    "Job": "الوظيفة"
    
    }