{
    "CV/Job Health restrictions": "Обмеження здоров'я у резюме/роботі",
    "Actual QUALIFICATIONS": "ПОТОЧНІ КВАЛІФІКАЦІЇ",
    "QUALIFICATIONS for Job Mapping": "КВАЛІФІКАЦІЇ для картографування робіт",
    "Use to map Jobs": "Використовувати для картографування робіт",
    "Diselect before map Jobs" : "Скасувати вибір перед картографуванням робіт",
    "Health restrictions / requirements": "Обмеження / вимоги щодо здоров'я",
    "Client-e": "Клієнт",
    "Job": "Робота"
    
    }