{
    "CV/Job Health restrictions": "سوانح/نوکری صحتی پابندیاں",
    "Actual QUALIFICATIONS": "حالیہ اہمیت",
    "QUALIFICATIONS for Job Mapping": "نوکری کی نقشہ کاری کیلئے مؤہد کوالیفیکیشنز",
    "Use to map Jobs": "نوکریوں کو نقشہ کاری کے لئے استعمال کریں",
    "Diselect before map Jobs" : "نقشہ کاری کے پہلے منتخب کریں",
    "Health restrictions / requirements": "صحت کی پابندیاں / ضروریات",
    "Client-e": "کلائنٹ",
    "Job": "نوکری"
    
    }