{
    
    "Restrictions / Client-e": "القيود / العميل",
    "Candidat-e": "المرشح / المرشحة",
    "1. Abilities": "1. القدرات",
    "08 Endurance": "08 التحمل",
    "12 Body coordination": "12 تنسيق الجسم",
    "16 Manual Dexterity": "16 البراعة اليدوية",
    "17 Finger dexterity": "17 براعة الأصابع",
    "21 Responsiveness": "21 الاستجابة",
    "41 Tactile perception": "41 الإدراك التلامسي",
    "44 Reading comprehension": "44 الفهم من القراءة",
    "46 Listening comprehension": "46 الفهم من الاستماع",
    "47 Oral expression": "47 التعبير الشفوي",
    "59 Memory retention": "59 الاحتفاظ بالذاكرة",
    "65 Spatial orientation": "65 التوجيه المكاني",
    "68 Selective Attention": "68 الانتباه الانتقائي",
    "69 Divided attention": "69 الانتباه المنقسم",
    "2. Working style": "2. أسلوب العمل",
    "81 Persistence": "81 الثبات",
    "85 willingness to cooperate": "85 الاستعداد للتعاون",
    "89 Stress Tolerance": "89 تحمّل الضغوط",
    "91 Self-control": "91 السيطرة على النفس",
    "94 Reliability": "94 الاعتمادية",
    "97 Independence": "97 الاستقلالية",
    "3. Basic abilities": "3. القدرات الأساسية",
    "153.1 Sitting": "153.1 الجلوس",
    "153.2 Sitting and standing alternately": "153.2 التبديل بين الجلوس والوقوف",
    "153.3 Standing": "153.3 الوقوف",
    "159 Bending or twisting": "159 الانحناء أو اللف",
    "160 Lifting, carrying, and pushing": "160 الرفع والحمل والدفع",
    "161 Working with hands": "161 العمل باليدين",
    "163 Repetitive movements": "163 الحركات المتكررة",
    "168 Writing": "168 الكتابة",
    "4. Complex abilities": "4. القدرات المعقدة",
    "199 Coordinating others' actions": "199 تنسيق أعمال الآخرين",
    "5. Working context": "5. سياق العمل",
    "237 Interacting with others": "237 التفاعل مع الآخرين",
    "239 Using the telephone": "239 استخدام الهاتف",
    "265 Distracting Noises": "265 أصوات مشتتة",
    "266.1 Hot temperatures": "266.1 درجات حرارة عالية",
    "266.2 Cold temperatures": "266.2 درجات حرارة منخفضة",
    "267.1 Bright light": "267.1 ضوء ساطع",
    "267.2 dark light": "267.2 ضوء معتم",
    "288 Unstructured work": "288 العمل غير المنظم",
    "289 Precise work": "289 العمل المتقن",
    "290 Repetitive Tasks": "290 المهام المتكررة",
    "291 Automated work": "291 العمل المؤتمت",
    "295 Time pressure": "295 ضغط الوقت",
    "297 Required work pace": "297 وتيرة العمل المطلوبة",
    "298 Irregular work hours": "298 ساعات عمل غير منتظمة",
    "6. Working environment": "6. بيئة العمل",
    "304 Flexible work hours": "304 ساعات عمل مرنة",
    "308 Support from staff": "308 الدعم من العاملين",
    "312 Accessible transportation services": "312 خدمات النقل الميسرة",
    "313 Reasonable commute": "313 الانتقال المعقول",
    "Update Profile": "تحديث الملف الشخصي",
    "Back to SELECT A JOB": "العودة إلى اختيار وظيفة",
    "Go to CV restrictions": "الانتقال إلى قيود السيرة الذاتية",

    "Steady, Tenacious, Tenacious": "ثابت، مثابر، مثابر",
    "motor tasks": "مهام محركة",
    "Repeated Rapid Hand Motions": "حركات سريعة متكررة لليدين",
    "Deft, Precise": "ماهر، دقيق",
    "Reflexive Response": "استجابة عصبية",
    "perception of stimuli via the skin": "إدراك الحوافز عبر الجلد",
    "Understanding what is written": "فهم ما هو مكتوب",
    "understanding spoken language": "فهم اللغة المنطوقة",
    "Communicate clearly, eloquently": "التواصل بوضوح، ببلاغة",
    "remember, remember, attentive": "تذكر، مراقبة، يقظ",
    "sense of orientation, spatial awareness, situational awareness": "إدراك الاتجاه، وعي مكاني، وعي موقفي",
    "Hardly Distractable": "صعوبة التشتيت",
    "multitasking, focused, alert": "القدرة على أداء مهام متعددة، تركيز، يقظ",

    "Purposeful, persistent, persevering": "هدف، مستمر، مثابر",
    "cooperative, team-oriented, helpful": "تعاوني، موجه نحو الفريق، متعاون",
    "Resilient, Calm, Resilient": "مرونة، هدوء، مرونة",
    "Disciplined, Controlled, Reflective": "منضبط، مسيطر على النفس، تأملي",
    "Reliable, punctual, trustworthy": "موثوق به، دقيق الوقت، جدير بالثقة",
    "Independent, responsible, self-determined": "مستقل، مسؤول، محدد ذاتياً",
  
    "Can sit continuously": "قادر على الجلوس بشكل مستمر",
    "Can sit and stand alternately": "قادر على الجلوس والوقوف بالتبادل",
    "Can stand continuously": "قادر على الوقوف بشكل مستمر",
    "Bend or twist body": "الثني أو لف الجسم",
    "lifting, carrying, pushing weight": "رفع، حمل، دفع الوزن",
    "Hand finished": "إنهاء يدوي",
    "Repetitive movement": "حركة متكررة",
    "Written communication": "التواصل الكتابي",
  
    "cooperation, empathy, adaptation of own behaviour": "التعاون، العاطفة، تكييف السلوك الخاص",
 
    "Communicative, cooperative, interactive": "تواصلي، تعاوني، تفاعلي",
    "telephone conversations": "مكالمات هاتفية",
    "Exposed to Noise": "تعرض للضوضاء",
    "temperature sensitivity hot": "حساسية للحرارة العالية",
    "temperature sensitivity cold": "حساسية للحرارة الباردة",
    "Light sensitivity bright light": "حساسية للضوء الساطع",
    "photosensitivity dark light": "حساسية للضوء المظلم",
    "work without instructions, specifications": "العمل بدون تعليمات، مواصفات",
    "Accurate, meticulous, precise": "دقيق، متأنٍ، دقيق",
    "Repetitive, monotonous, routine": "متكرر، ممل، روتيني",
    "work on production facilities": "العمل في منشآت الإنتاج",
    "Hectic, stressful, demanding": "متطلبات، إجهاد، تحدي",
    "fixed, constant, regulated, externally determined": "ثابت، مستمر، منظم، تحدد من الخارج",
    "unpredictable, changing, overtime": "غير متوقع، متغير، ساعات إضافية",
 
    "adaptable, variable, individual": "قابلة للتكيف، متغيرة، فردية",
    "Cooperative, helpful, engaged": "قابل للتكيف، متغير، فردي",
    "Accessible, Public Transport Available": "تعاوني، متعاون، ملتزم",
    "Convenient commute to work": "متاح، متاح وسائل النقل العام"
   
       
    
    
}