{

    "Restrictions / Client-e": "Einschränkungen / Klient-in",
    "Candidat-e": " Klient-in",
    "1. Abilities": "1. Fähigkeiten",
    "08 Endurance": "08 Ausdauer",
    "12 Body coordination": "12 Körperkoordination",
    "16 Manual Dexterity": "16 Manuelle Geschicklichkeit",
    "17 Finger dexterity": "17 Fingerfertigkeit",
    "21 Responsiveness": "21 Reaktionsfähigkeit",
    "41 Tactile perception": "41 Taktile Wahrnehmung",
    "44 Reading comprehension": "44 Leseverständnis",
    "46 Listening comprehension": "46 Hörverständnis",
    "47 Oral expression": "47 Mündliche Ausdrucksfähigkeit",
    "59 Memory retention": "59 Merk- und Erinnerungsfähigkeit",
    "65 Spatial orientation": "65 Räumliche Orientierung",
    "68 Selective Attention": "68 Selektive Aufmerksamkeit",
    "69 Divided attention": "69 Geteilte Aufmerksamkeit",
    "2. Working style": "2. Arbeitsstil",
    "81 Persistence": "81 Beharrlichkeit",
    "85 willingness to cooperate": "85 Kooperationsbereitschaft",
    "89 Stress Tolerance": "89 Stresstoleranz",
    "91 Self-control": "91 Selbstkontrolle",
    "94 Reliability": "94 Zuverlässigkeit",
    "97 Independence": "97 Selbständigkeit",
    "3. Basic abilities": "3. Grundfertigkeiten",
    "153.1 Sitting": "153.1 Sitzen",
    "153.2 Sitting and standing alternately": "153.2 Wechselnd Sitzen Stehen",
    "153.3 Standing": "153.3 Stehen",
    "159 Bending or twisting": "159 Sich beugen oder umdrehen",
    "160 Lifting, carrying, and pushing": "160 Heben, Tragen und Schieben",
    "161 Working with hands": "161 Mit den Händen arbeiten",
    "163 Repetitive movements": "163 Repetitive Bewegungen",
    "168 Writing": "168 Schreiben",
    "4. Complex abilities": "4. Komplexe Fertigkeiten",
    "199 Coordinating others' actions": "199 Verhalten andere abstimmen",
    "5. Working context": "5. Arbeitskontext",
    "237 Interacting with others": "237 Austausch mit anderen",
    "239 Using the telephone": "239 Telefonieren",
    "265 Distracting Noises": "265 Ablenkende Geräusche",
    "266.1 Hot temperatures": "266.1 Heiße Temperaturen",
    "266.2 Cold temperatures": "266.2 Kalte Temperaturen",
    "267.1 Bright light": "267.1 Helles Licht",
    "267.2 dark light": "267.2 Dunkles Licht",
    "288 Unstructured work": "288 Unstrukturiertes Arbeiten",
    "289 Precise work": "289 Exaktes Arbeiten",
    "290 Repetitive Tasks": "290 Repetitive Aufgaben",
    "291 Automated work": "291 Automatisierte Arbeit",
    "295 Time pressure": "295 Zeitdruck",
    "297 Required work pace": "297 Vorgegebenes Arbeitstempo",
    "298 Irregular work hours": "298 Unregelmäßige Arbeitszeiten",
    "6. Working environment": "6. Rahmenbedingungen",
    "304 Flexible work hours": "304 Flexible Arbeitszeiten",
    "308 Support from staff": "308 Unterstützung durch Mitarbeiter",
    "312 Accessible transportation services": "312 Zugängliche Transportdienste",
    "313 Reasonable commute": "313 Angemessener Arbeitsweg",
    "Update Profile": "Profil speichern",
    "Back to SELECT A JOB": "Zurück zu Job auswählen",
    "Go to CV restrictions": "Gehe zu Einschränkungen CV",

    "Steady, Tenacious, Tenacious": "Beständig, beharrlich, zäh",
    "motor tasks": "Motorischen Aufgaben",
    "Repeated Rapid Hand Motions": "Wiederholte schnelle Handbewegungen",
    "Deft, Precise": "Geschickt, Präzise",
    "Reflexive Response": "Reflexartige Reaktion",
    "perception of stimuli via the skin": "Reizwahrnehmung über die Haut",
    "Understanding what is written": "Geschriebenes verstehen",
    "understanding spoken language": "Gesprochenes verstehen",
    "Communicate clearly, eloquently": "Verständlich kommunizieren, eloquent",
    "remember, remember, attentive": "Merkstark, erinnerungsfähig, aufmerksam",
    "sense of orientation, spatial awareness, situational awareness": "Orientierungssinn, räumliches Vorstellungsvermögen, Lagebewusstsein",
    "Hardly Distractable": "Schwer ablenkbar",
    "multitasking, focused, alert": "Multitasking, fokussiert, aufmerksam",

    "Purposeful, persistent, persevering": "Zielstrebig, hartnäckig, ausdauernd",
    "cooperative, team-oriented, helpful": "Kooperativ, teamorientiert, hilfsbereit",
    "Resilient, Calm, Resilient": "Belastbar, gelassen, widerstandsfähig",
    "Disciplined, Controlled, Reflective": "Diszipliniert, beherrscht, reflektiert",
    "Reliable, punctual, trustworthy": "Verlässlich, pünktlich, vertrauenswürdig",
    "Independent, responsible, self-determined": "Unabhängig, eigenverantwortlich, selbstbestimmt",

    "Can sit continuously": "Kann durchgehen sitzen",
    "Can sit and stand alternately": "Kann wechselnd sitzen und stehen",
    "Can stand continuously": "Kann durchgehend stehen",
    "Bend or twist body": "Körper beugen oder verdrehen",
    "lifting, carrying, pushing weight": "Gewicht heben, tragen, schieben",
    "Hand finished": "Handfertig",
    "Repetitive movement": "Wiederholende Bewegung",
    "Written communication": "Schriftliche Kommunikation",
 
    "cooperation, empathy, adaptation of own behaviour": "Kooperation, Empathie, Anpassung eigenes Verhalten",
  
    "Communicative, cooperative, interactive": "Kommunikativ, kooperativ, interaktiv",
    "telephone conversations": "Telefongespräche",
    "Exposed to Noise": "Geräuschen aussetzbar",
    "temperature sensitivity hot": "Temperaturempfindlichkeit heiß",
    "temperature sensitivity cold": "Temperaturempfindlichkeit kalt",
    "Light sensitivity bright light": "Lichtempfindlichkeit helles Licht",
    "photosensitivity dark light": "Lichtempfindlichkeit dunkles Licht",
    "work without instructions, specifications": "Ohne Anleitung, Vorgaben arbeiten",
    "Accurate, meticulous, precise": "Genau, akribisch, präzise",
    "Repetitive, monotonous, routine": "Wiederholend, monoton, routinemäßig",
    "work on production facilities": "Arbeiten an Produktionsanlagen",
    "Hectic, stressful, demanding": "Hektisch, stressig, anspruchsvoll",
    "fixed, constant, regulated, externally determined": "Festgelegt, konstant, reguliert, fremdbestimmt",
    "unpredictable, changing, overtime": "unvorhersehbar, wechselnd, Überstunden",
 
    "adaptable, variable, individual": "Anpassbar, variabel, individuell",
    "Cooperative, helpful, engaged": "Kooperativ, hilfsbereit, engagiert",
    "Accessible, Public Transport Available": "Barrierefrei, Öffentliche Verkehrsmittel möglich",
    "Convenient commute to work": "Verkehrsgünstiger Arbeitsweg"
   



}