{

    "Restrictions / Client-e": "Restrictions / Client-e",
    "Candidat-e": "Candidat-e",
    "1. Abilities": "1. Abilities",
    "08 Endurance": "08 Endurance",
    "12 Body coordination": "12 Body coordination",
    "16 Manual Dexterity": "16 Manual Dexterity",
    "17 Finger dexterity": "17 Finger dexterity",
    "21 Responsiveness": "21 Responsiveness",
    "41 Tactile perception": "41 Tactile perception",
    "44 Reading comprehension": "44 Reading comprehension",
    "46 Listening comprehension": "46 Listening comprehension",
    "47 Oral expression": "47 Oral expression",
    "59 Memory retention": "59 Memory retention",
    "65 Spatial orientation": "65 Spatial orientation",
    "68 Selective Attention": "68 Selective Attention",
    "69 Divided attention": "69 Divided attention",
    "2. Working style": "2. Working style",
    "81 Persistence": "81 Persistence",
    "85 willingness to cooperate": "85 willingness to cooperate",
    "89 Stress Tolerance": "89 Stress Tolerance",
    "91 Self-control": "91 Self-control",
    "94 Reliability": "94 Reliability",
    "97 Independence": "97 Independence",
    "3. Basic abilities": "3. Basic abilities",
    "153.1 Sitting": "153.1 Sitting",
    "153.2 Sitting and standing alternately": "153.2 Sitting and standing alternately",
    "153.3 Standing": "153.3 Standing",
    "159 Bending or twisting": "159 Bending or twisting",
    "160 Lifting, carrying, and pushing": "160 Lifting, carrying, and pushing",
    "161 Working with hands": "161 Working with hands",
    "163 Repetitive movements": "163 Repetitive movements",
    "168 Writing": "168 Writing",
    "4. Complex abilities": "4. Complex abilities",
    "199 Coordinating others' actions": "199 Coordinating others' actions",
    "5. Working context": "5. Working context",
    "237 Interacting with others": "237 Interacting with others",
    "239 Using the telephone": "239 Using the telephone",
    "265 Distracting Noises": "265 Distracting Noises",
    "266.1 Hot temperatures": "266.1 Hot temperatures",
    "266.2 Cold temperatures": "266.2 Cold temperatures",
    "267.1 Bright light": "267.1 Bright light",
    "267.2 dark light": "267.2 dark light",
    "288 Unstructured work": "288 Unstructured work",
    "289 Precise work": "289 Precise work",
    "290 Repetitive Tasks": "290 Repetitive Tasks",
    "291 Automated work": "291 Automated work",
    "295 Time pressure": "295 Time pressure",
    "297 Required work pace": "297 Required work pace",
    "298 Irregular work hours": "298 Irregular work hours",
    "6. Working environment": "6. Working environment",
    "304 Flexible work hours": "304 Flexible work hours",
    "308 Support from staff": "308 Support from staff",
    "312 Accessible transportation services": "312 Accessible transportation services",
    "313 Reasonable commute": "313 Reasonable commute",
    "Update Profile": "Update Profile",
    "Back to SELECT A JOB": "Back to SELECT A JOB",
    "Go to CV restrictions": "Go to CV restrictions",

    "Steady, Tenacious, Tenacious": "Steady, Tenacious, Tenacious",
    "motor tasks": "motor tasks",
    "Repeated Rapid Hand Motions": "Repeated Rapid Hand Motions",
    "Deft, Precise": "Deft, Precise",
    "Reflexive Response": "Reflexive Response",
    "perception of stimuli via the skin": "perception of stimuli via the skin",
    "Understanding what is written": "Understanding what is written",
    "understanding spoken language": "understanding spoken language",
    "Communicate clearly, eloquently": "Communicate clearly, eloquently",
    "remember, remember, attentive": "remember, remember, attentive",
    "sense of orientation, spatial awareness, situational awareness": "sense of orientation, spatial awareness, situational awareness",
    "Hardly Distractable": "Hardly Distractable",
    "multitasking, focused, alert": "multitasking, focused, alert",
   
    "Purposeful, persistent, persevering": "Purposeful, persistent, persevering",
    "cooperative, team-oriented, helpful": "cooperative, team-oriented, helpful",
    "Resilient, Calm, Resilient": "Resilient, Calm, Resilient",
    "Disciplined, Controlled, Reflective": "Disciplined, Controlled, Reflective",
    "Reliable, punctual, trustworthy": "Reliable, punctual, trustworthy",
    "Independent, responsible, self-determined": "Independent, responsible, self-determined",
    
    "Can sit continuously": "Can sit continuously",
    "Can sit and stand alternately": "Can sit and stand alternately",
    "Can stand continuously": "Can stand continuously",
    "Bend or twist body": "Bend or twist body",
    "lifting, carrying, pushing weight": "lifting, carrying, pushing weight",
    "Hand finished": "Hand finished",
    "Repetitive movement": "Repetitive movement",
    "Written communication": "Written communication",
    
    "cooperation, empathy, adaptation of own behaviour": "cooperation, empathy, adaptation of own behaviour",
    
    "Communicative, cooperative, interactive": "Communicative, cooperative, interactive",
    "telephone conversations": "telephone conversations",
    "Exposed to Noise": "Exposed to Noise",
    "temperature sensitivity hot": "temperature sensitivity hot",
    "temperature sensitivity cold": "temperature sensitivity cold",
    "Light sensitivity bright light": "Light sensitivity bright light",
    "photosensitivity dark light": "photosensitivity dark light",
    "work without instructions, specifications": "work without instructions, specifications",
    "Accurate, meticulous, precise": "Accurate, meticulous, precise",
    "Repetitive, monotonous, routine": "Repetitive, monotonous, routine",
    "work on production facilities": "work on production facilities",
    "Hectic, stressful, demanding": "Hectic, stressful, demanding",
    "fixed, constant, regulated, externally determined": "fixed, constant, regulated, externally determined",
    "unpredictable, changing, overtime": "unpredictable, changing, overtime",
  
    "adaptable, variable, individual": "adaptable, variable, individual",
    "Cooperative, helpful, engaged": "Cooperative, helpful, engaged",
    "Accessible, Public Transport Available": "Accessible, Public Transport Available",
    "Convenient commute to work": "Convenient commute to work"
   



}