{
    "Restrictions / Client-e": "Réstriction / client-e",
    "Candidat-e": "client-e",
    "1. Abilities": "1. Capacités",
    "08 Endurance": "08 Endurance",
    "12 Body coordination": "12 Coordination corporelle",
    "16 Manual Dexterity": "16 Dextérité manuelle",
    "17 Finger dexterity": "17 Dextérité des doigts",
    "21 Responsiveness": "21 Réactivité",
    "41 Tactile perception": "41 Perception tactile",
    "44 Reading comprehension": "44 Compréhension de lecture",
    "46 Listening comprehension": "46 Compréhension orale",
    "47 Oral expression": "47 Expression orale",
    "59 Memory retention": "59 Rétention de la mémoire",
    "65 Spatial orientation": "65 Orientation spatiale",
    "68 Selective Attention": "68 Attention sélective",
    "69 Divided attention": "69 Attention partagée",
    "2. Working style": "2. Style de travail",
    "81 Persistence": "81 Persévérance",
    "85 willingness to cooperate": "85 Volonté de coopérer",
    "89 Stress Tolerance": "89 Tolérance au stress",
    "91 Self-control": "91 Maîtrise de soi",
    "94 Reliability": "94 Fiabilité",
    "97 Independence": "97 Autonomie",
    "3. Basic abilities": "3. Compétences de base",
    "153.1 Sitting": "153.1 Position Assise",
    "153.2 Sitting and standing alternately": "153.2 Assis et debout alternativement",
    "153.3 Standing": "153.3 Se tenir debout",
    "159 Bending or twisting": "159 Se pencher ou tourner",
    "160 Lifting, carrying, and pushing": "160 Lever, porter et pousser",
    "161 Working with hands": "161 Travailler avec les mains",
    "163 Repetitive movements": "163 Mouvements répétitifs",
    "168 Writing": "168 Écriture",
    "4. Complex abilities": "4. Compétences complexes",
    "199 Coordinating others' actions": "199 Coordonner les actions avec les autres",
    "5. Working context": "5. Contexte de travail",
    "237 Interacting with others": "237 Interagir avec les autres",
    "239 Using the telephone": "239 Utilisation du téléphone",
    "265 Distracting Noises": "265 Bruits distrayants",
    "266.1 Hot temperatures": "266.1 Températures chaudes",
    "266.2 Cold temperatures": "266.2 Températures froides",
    "267.1 Bright light": "267.1 Lumière vive",
    "267.2 dark light": "267.2 Lumière sombre",
    "288 Unstructured work": "288 Travail non structuré",
    "289 Precise work": "289 Travail précis",
    "290 Repetitive Tasks": "290 Tâches répétitives",
    "291 Automated work": "291 Travail automatisé",
    "295 Time pressure": "295 Pression temporelle",
    "297 Required work pace": "297 Cadence de travail requise",
    "298 Irregular work hours": "298 Horaires de travail irréguliers",
    "6. Working environment": "6. Conditions cadres",
    "304 Flexible work hours": "304 Horaires de travail flexibles",
    "308 Support from staff": "308 Soutien du personnel",
    "312 Accessible transportation services": "312 Services de transport accessibles",
    "313 Reasonable commute": "313 Trajet approprié",
    "Update Profile": "Enregistrer le profil",
    "Back to SELECT A JOB": "Retourner pour SELECTIONNER UN POSTE",
    "Go to CV restrictions": "Aller aux exigences du poste",

    "Steady, Tenacious, Tenacious": "Performance stable, tenace, tenace, endurance",
    "motor tasks": "tâches motrices",
    "Repeated Rapid Hand Motions": "mouvements rapides répétés",
    "Deft, Precise": "Adroit/e, précis/e",
    "Reflexive Response": "Réaction, réflexe",
    "perception of stimuli via the skin": "Perception des stimuli par la peau",
    "Understanding what is written": "Comprendre ce qui est écrit",
    "understanding spoken language": "Comprendre le langage parlé",
    "Communicate clearly, eloquently": "Communiquer clairement",
    "remember, remember, attentive": "Capacité à mémoriser, à être attentif",
    "sense of orientation, spatial awareness, situational awareness": "sens de l'orientation, conscience de la position physique",
    "Hardly Distractable": "Difficile à distraire",
    "multitasking, focused, alert": "Multitâche, concentré, alerte",

    "Purposeful, persistent, persevering": "Résolu, persistant, persévérant",
    "cooperative, team-oriented, helpful": "Coopératif, esprit d'équipe, serviable",
    "Resilient, Calm, Resilient": "Résistant, calme, résilient",
    "Disciplined, Controlled, Reflective": "Discipliné, contrôlé, réfléchi",
    "Reliable, punctual, trustworthy": "Fiable, ponctuel, digne de confiance",
    "Independent, responsible, self-determined": "Indépendant, responsable, autodéterminé",

    "Can sit continuously": "Peut rester assis en continu",
    "Can sit and stand alternately": "Peut s'asseoir et se tenir debout alternativement",
    "Can stand continuously": "Peut rester debout en continu",
    "Bend or twist body": "Plier ou tordre le corps",
    "lifting, carrying, pushing weight": "Soulever, porter, pousser du poids",
    "Hand finished": "Travailler avec les mains",
    "Repetitive movement": "Répéter les mêmes mouvements",
    "Written communication": "Communication écrite",

    "cooperation, empathy, adaptation of own behaviour": "Coopération, empathie, capacité d’adaptation",

    "Communicative, cooperative, interactive": "Communicatif, coopératif, interactif",
    "telephone conversations": "Conversations téléphoniques",
    "Exposed to Noise": "Sensibilité au bruit",
    "temperature sensitivity hot": "Sensibilité à la température chaude",
    "temperature sensitivity cold": "Sensibilité à la température froide",
    "Light sensitivity bright light": "Sensibilité à la lumière vive",
    "photosensitivity dark light": "Sensibilité à la lumière sombre",
    "work without instructions, specifications": "Travail sans instructions, sans spécifications",
    "Accurate, meticulous, precise": "Exact, méticuleux, précis",
    "Repetitive, monotonous, routine": "Monotones, routinières",
    "work on production facilities": "Travail sur les installations de production",
    "Hectic, stressful, demanding": "Hectique, stressant, exigeant",
    "fixed, constant, regulated, externally determined": "Fixe, constant, régulé",
    "unpredictable, changing, overtime": "imprévisibles, changeants, heures supplémentaires",

    "adaptable, variable, individual": "Adaptable, variable, individuel",
    "Cooperative, helpful, engaged": "Coopératif, serviable, engagé",
    "Accessible, Public Transport Available": "Transports publics disponibles",
    "Convenient commute to work": "Trajet pratique pour se rendre au travail"
   
    
    
    }