{
    
    "Restrictions / Client-e": "Restrizioni / Cliente",
    "Candidat-e": "Candidato/a",
    "1. Abilities": "1. Abilità",
    "08 Endurance": "08 Resistenza",
    "12 Body coordination": "12 Coordinazione corporea",
    "16 Manual Dexterity": "16 Destrezza manuale",
    "17 Finger dexterity": "17 Destrezza delle dita",
    "21 Responsiveness": "21 Reattività",
    "41 Tactile perception": "41 Percezione tattile",
    "44 Reading comprehension": "44 Comprensione della lettura",
    "46 Listening comprehension": "46 Comprensione dell'ascolto",
    "47 Oral expression": "47 Espressione orale",
    "59 Memory retention": "59 Memoria",
    "65 Spatial orientation": "65 Orientamento spaziale",
    "68 Selective Attention": "68 Attenzione selettiva",
    "69 Divided attention": "69 Attenzione divisa",
    "2. Working style": "2. Stile di lavoro",
    "81 Persistence": "81 Persistenza",
    "85 willingness to cooperate": "85 Disponibilità a cooperare",
    "89 Stress Tolerance": "89 Tolleranza allo stress",
    "91 Self-control": "91 Autocontrollo",
    "94 Reliability": "94 Affidabilità",
    "97 Independence": "97 Indipendenza",
    "3. Basic abilities": "3. Abilità di base",
    "153.1 Sitting": "153.1 Seduto/a",
    "153.2 Sitting and standing alternately": "153.2 Alternanza tra seduto e in piedi",
    "153.3 Standing": "153.3 In piedi",
    "159 Bending or twisting": "159 Piegarsi o torsione del corpo",
    "160 Lifting, carrying, and pushing": "160 Sollevamento, trasporto e spinta",
    "161 Working with hands": "161 Lavoro con le mani",
    "163 Repetitive movements": "163 Movimenti ripetitivi",
    "168 Writing": "168 Scrittura",
    "4. Complex abilities": "4. Abilità complesse",
    "199 Coordinating others' actions": "199 Coordinamento delle azioni degli altri",
    "5. Working context": "5. Contesto di lavoro",
    "237 Interacting with others": "237 Interazione con gli altri",
    "239 Using the telephone": "239 Uso del telefono",
    "265 Distracting Noises": "265 Rumori distrattivi",
    "266.1 Hot temperatures": "266.1 Temperature elevate",
    "266.2 Cold temperatures": "266.2 Temperature basse",
    "267.1 Bright light": "267.1 Luce intensa",
    "267.2 dark light": "267.2 Luce scarsa",
    "288 Unstructured work": "288 Lavoro non strutturato",
    "289 Precise work": "289 Lavoro preciso",
    "290 Repetitive Tasks": "290 Compiti ripetitivi",
    "291 Automated work": "291 Lavoro automatizzato",
    "295 Time pressure": "295 Pressione temporale",
    "297 Required work pace": "297 Ritmo di lavoro richiesto",
    "298 Irregular work hours": "298 Orari di lavoro irregolari",
    "6. Working environment": "6. Ambiente di lavoro",
    "304 Flexible work hours": "304 Orari di lavoro flessibili",
    "308 Support from staff": "308 Supporto da parte del personale",
    "312 Accessible transportation services": "312 Servizi di trasporto accessibili",
    "313 Reasonable commute": "313 Percorso ragionevole",
    "Update Profile": "Aggiorna Profilo",
    "Back to SELECT A JOB": "Torna a SELEZIONA UNA POSIZIONE",
    "Go to CV restrictions": "Vai alle restrizioni del CV",

    "Steady, Tenacious, Tenacious": "Stabile, Tenace, Tenace",
    "motor tasks": "Compiti motori",
    "Repeated Rapid Hand Motions": "Movimenti rapidi ripetuti delle mani",
    "Deft, Precise": "Agile, Preciso",
    "Reflexive Response": "Risposta riflessa",
    "perception of stimuli via the skin": "Percezione degli stimoli attraverso la pelle",
    "Understanding what is written": "Comprensione di ciò che è scritto",
    "understanding spoken language": "Comprensione del linguaggio parlato",
    "Communicate clearly, eloquently": "Comunicare chiaramente, con eloquenza",
    "remember, remember, attentive": "Ricordare, attento",
    "sense of orientation, spatial awareness, situational awareness": "Senso di orientamento, consapevolezza spaziale, consapevolezza situazionale",
    "Hardly Distractable": "Difficilmente distraibile",
    "multitasking, focused, alert": "Multitasking, concentrato, all'erta",

    "Purposeful, persistent, persevering": "Finalizzato, persistente, perseverante",
    "cooperative, team-oriented, helpful": "Cooperativo, orientato al lavoro di squadra, disponibile",
    "Resilient, Calm, Resilient": "Resiliente, calmo, resiliente",
    "Disciplined, Controlled, Reflective": "Disciplinato, controllato, riflessivo",
    "Reliable, punctual, trustworthy": "Affidabile, puntuale, degno di fiducia",
    "Independent, responsible, self-determined": "Indipendente, responsabile, autodeterminato",
 
    "Can sit continuously": "In grado di sedersi continuamente",
    "Can sit and stand alternately": "In grado di sedersi e alzarsi alternativamente",
    "Can stand continuously": "In grado di stare in piedi continuamente",
    "Bend or twist body": "Piega o torce il corpo",
    "lifting, carrying, pushing weight": "Sollevamento, trasporto, spinta del peso",
    "Hand finished": "Finitura a mano",
    "Repetitive movement": "Movimento ripetitivo",
    "Written communication": "Comunicazione scritta",

    "cooperation, empathy, adaptation of own behaviour": "Cooperazione, empatia, adattamento del proprio comportamento",
 
    "Communicative, cooperative, interactive": "Comunicativo, cooperativo, interattivo",
    "telephone conversations": "Conversazioni telefoniche",
    "Exposed to Noise": "Esposizione al rumore",
    "temperature sensitivity hot": "Sensibilità alla temperatura calda",
    "temperature sensitivity cold": "Sensibilità alla temperatura fredda",
    "Light sensitivity bright light": "Sensibilità alla luce luce intensa",
    "photosensitivity dark light": "Fotosensibilità luce scura",
    "work without instructions, specifications": "Lavoro senza istruzioni, specifiche",
    "Accurate, meticulous, precise": "Accurato, meticoloso, preciso",
    "Repetitive, monotonous, routine": "Ripetitivo, monotono, routine",
    "work on production facilities": "Lavoro su strutture di produzione",
    "Hectic, stressful, demanding": "Frenetico, stressante, impegnativo",
    "fixed, constant, regulated, externally determined": "Fisso, costante, regolamentato, determinato esternamente",
    "unpredictable, changing, overtime": "Imprvvisibile, mutevole, straordinario",

    "adaptable, variable, individual": "Adattabile, variabile, individuale",
    "Cooperative, helpful, engaged": "Cooperativo, disponibile, impegnato",
    "Accessible, Public Transport Available": "Accessibile, disponibile il trasporto pubblico",
    "Convenient commute to work": "Commutazione conveniente per il lavoro"
   
    
}