{
    
    "Restrictions / Client-e": "Restrições / Cliente",
    "Candidat-e": "Candidato/a",
    "1. Abilities": "1. Habilidades",
    "08 Endurance": "08 Resistência",
    "12 Body coordination": "12 Coordenação corporal",
    "16 Manual Dexterity": "16 Destreza manual",
    "17 Finger dexterity": "17 Destreza dos dedos",
    "21 Responsiveness": "21 Capacidade de resposta",
    "41 Tactile perception": "41 Percepção tátil",
    "44 Reading comprehension": "44 Compreensão de leitura",
    "46 Listening comprehension": "46 Compreensão oral",
    "47 Oral expression": "47 Expressão oral",
    "59 Memory retention": "59 Retenção de memória",
    "65 Spatial orientation": "65 Orientação espacial",
    "68 Selective Attention": "68 Atenção seletiva",
    "69 Divided attention": "69 Atenção dividida",
    "2. Working style": "2. Estilo de trabalho",
    "81 Persistence": "81 Persistência",
    "85 willingness to cooperate": "85 Disposição para cooperar",
    "89 Stress Tolerance": "89 Tolerância ao estresse",
    "91 Self-control": "91 Autocontrole",
    "94 Reliability": "94 Confiabilidade",
    "97 Independence": "97 Independência",
    "3. Basic abilities": "3. Habilidades básicas",
    "153.1 Sitting": "153.1 Sentado/a",
    "153.2 Sitting and standing alternately": "153.2 Alternância entre sentado/a e em pé",
    "153.3 Standing": "153.3 Em pé",
    "159 Bending or twisting": "159 Curvar-se ou torcer o corpo",
    "160 Lifting, carrying, and pushing": "160 Levantar, carregar e empurrar",
    "161 Working with hands": "161 Trabalhar com as mãos",
    "163 Repetitive movements": "163 Movimentos repetitivos",
    "168 Writing": "168 Escrita",
    "4. Complex abilities": "4. Habilidades complexas",
    "199 Coordinating others' actions": "199 Coordenação das ações de outras pessoas",
    "5. Working context": "5. Contexto de trabalho",
    "237 Interacting with others": "237 Interagir com os outros",
    "239 Using the telephone": "239 Usar o telefone",
    "265 Distracting Noises": "265 Ruídos perturbadores",
    "266.1 Hot temperatures": "266.1 Temperaturas elevadas",
    "266.2 Cold temperatures": "266.2 Temperaturas baixas",
    "267.1 Bright light": "267.1 Luz intensa",
    "267.2 dark light": "267.2 Luz fraca",
    "288 Unstructured work": "288 Trabalho não estruturado",
    "289 Precise work": "289 Trabalho preciso",
    "290 Repetitive Tasks": "290 Tarefas repetitivas",
    "291 Automated work": "291 Trabalho automatizado",
    "295 Time pressure": "295 Pressão temporal",
    "297 Required work pace": "297 Ritmo de trabalho necessário",
    "298 Irregular work hours": "298 Horários de trabalho irregulares",
    "6. Working environment": "6. Ambiente de trabalho",
    "304 Flexible work hours": "304 Horários de trabalho flexíveis",
    "308 Support from staff": "308 Apoio da equipe",
    "312 Accessible transportation services": "312 Serviços de transporte acessíveis",
    "313 Reasonable commute": "313 Deslocamento razoável",
    "Update Profile": "Atualizar Perfil",
    "Back to SELECT A JOB": "Voltar para SELECIONAR UM TRABALHO",
    "Go to CV restrictions": "Ir para restrições de currículo",

    "Steady, Tenacious, Tenacious": "Estável, Tenaz, Tenaz",
    "motor tasks": "Tarefas motoras",
    "Repeated Rapid Hand Motions": "Movimentos rápidos repetidos das mãos",
    "Deft, Precise": "Ágil, Preciso",
    "Reflexive Response": "Resposta reflexa",
    "perception of stimuli via the skin": "Percepção de estímulos através da pele",
    "Understanding what is written": "Compreensão do que está escrito",
    "understanding spoken language": "Compreensão da linguagem falada",
    "Communicate clearly, eloquently": "Comunicar de forma clara, eloquente",
    "remember, remember, attentive": "Lembrar, atento",
    "sense of orientation, spatial awareness, situational awareness": "Senso de orientação, consciência espacial, consciência situacional",
    "Hardly Distractable": "Difícil de distrair",
    "multitasking, focused, alert": "Multitarefa, focado, alerta",

    "Purposeful, persistent, persevering": "Propositado, persistente, perseverante",
    "cooperative, team-oriented, helpful": "Cooperativo, orientado para equipe, prestativo",
    "Resilient, Calm, Resilient": "Resiliente, Calmo, Resiliente",
    "Disciplined, Controlled, Reflective": "Disciplinado, Controlado, Reflexivo",
    "Reliable, punctual, trustworthy": "Confiável, pontual, digno de confiança",
    "Independent, responsible, self-determined": "Independente, responsável, autodeterminado",
 
    "Can sit continuously": "Capaz de sentar continuamente",
    "Can sit and stand alternately": "Capaz de sentar e levantar alternadamente",
    "Can stand continuously": "Capaz de ficar em pé continuamente",
    "Bend or twist body": "Dobrar ou torcer o corpo",
    "lifting, carrying, pushing weight": "Levantar, carregar, empurrar peso",
    "Hand finished": "Acabamento manual",
    "Repetitive movement": "Movimento repetitivo",
    "Written communication": "Comunicação escrita",

    "cooperation, empathy, adaptation of own behaviour": "Cooperação, empatia, adaptação do próprio comportamento",

    "Communicative, cooperative, interactive": "Comunicativo, cooperativo, interativo",
    "telephone conversations": "Conversas telefônicas",
    "Exposed to Noise": "Exposto ao ruído",
    "temperature sensitivity hot": "Sensibilidade à temperatura quente",
    "temperature sensitivity cold": "Sensibilidade à temperatura fria",
    "Light sensitivity bright light": "Sensibilidade à luz luz intensa",
    "photosensitivity dark light": "Fotosensibilidade luz escura",
    "work without instructions, specifications": "Trabalhar sem instruções, especificações",
    "Accurate, meticulous, precise": "Preciso, minucioso, preciso",
    "Repetitive, monotonous, routine": "Repetitivo, monótono, rotineiro",
    "work on production facilities": "Trabalhar em instalações de produção",
    "Hectic, stressful, demanding": "Agitado, estressante, exigente",
    "fixed, constant, regulated, externally determined": "Fixo, constante, regulamentado, determinado externamente",
    "unpredictable, changing, overtime": "Imprevisível, mutável, horas extras",

    "adaptable, variable, individual": "Adaptável, variável, individual",
    "Cooperative, helpful, engaged": "Cooperativo, prestativo, engajado",
    "Accessible, Public Transport Available": "Acessível, Transporte público disponível",
    "Convenient commute to work": "Comutação conveniente para o trabalho"
       
    
    
}