{
   
    "Restrictions / Client-e": "Обмеження / Клієнт",
    "Candidat-e": "Кандидат/ка",
    "1. Abilities": "1. Здібності",
    "08 Endurance": "08 Витривалість",
    "12 Body coordination": "12 Координація тіла",
    "16 Manual Dexterity": "16 Ручна спритність",
    "17 Finger dexterity": "17 Спритність пальців",
    "21 Responsiveness": "21 Реакція",
    "41 Tactile perception": "41 Тактильне сприйняття",
    "44 Reading comprehension": "44 Розуміння читання",
    "46 Listening comprehension": "46 Розуміння на слух",
    "47 Oral expression": "47 Усна виразність",
    "59 Memory retention": "59 Запам'ятовування",
    "65 Spatial orientation": "65 Просторова орієнтація",
    "68 Selective Attention": "68 Селективна увага",
    "69 Divided attention": "69 Роздільна увага",
    "2. Working style": "2. Стиль роботи",
    "81 Persistence": "81 Витривалість",
    "85 willingness to cooperate": "85 Бажання співпрацювати",
    "89 Stress Tolerance": "89 Стресостійкість",
    "91 Self-control": "91 Самоконтроль",
    "94 Reliability": "94 Надійність",
    "97 Independence": "97 Незалежність",
    "3. Basic abilities": "3. Основні здібності",
    "153.1 Sitting": "153.1 Сидячи",
    "153.2 Sitting and standing alternately": "153.2 Переміщення між сидячим та стоячим положенням",
    "153.3 Standing": "153.3 Стоячи",
    "159 Bending or twisting": "159 Схиляння або обертання",
    "160 Lifting, carrying, and pushing": "160 Підйом, перенесення та тиск",
    "161 Working with hands": "161 Робота з руками",
    "163 Repetitive movements": "163 Повторювані рухи",
    "168 Writing": "168 Письмо",
    "4. Complex abilities": "4. Складні здібності",
    "199 Coordinating others' actions": "199 Координація дій інших",
    "5. Working context": "5. Робочий контекст",
    "237 Interacting with others": "237 Взаємодія з іншими",
    "239 Using the telephone": "239 Використання телефону",
    "265 Distracting Noises": "265 Відволікаючі шуми",
    "266.1 Hot temperatures": "266.1 Висока температура",
    "266.2 Cold temperatures": "266.2 Низька температура",
    "267.1 Bright light": "267.1 Яскраве світло",
    "267.2 dark light": "267.2 Темне світло",
    "288 Unstructured work": "288 Неструктурована робота",
    "289 Precise work": "289 Точна робота",
    "290 Repetitive Tasks": "290 Повторювані завдання",
    "291 Automated work": "291 Автоматизована робота",
    "295 Time pressure": "295 Тиск часу",
    "297 Required work pace": "297 Вимаганий темп роботи",
    "298 Irregular work hours": "298 Нерегулярні години роботи",
    "6. Working environment": "6. Робоче середовище",
    "304 Flexible work hours": "304 Гнучкий графік роботи",
    "308 Support from staff": "308 Підтримка з боку персоналу",
    "312 Accessible transportation services": "312 Доступні транспортні послуги",
    "313 Reasonable commute": "313 Розумний дорожній маршрут",
    "Update Profile": "Оновити профіль",
    "Back to SELECT A JOB": "Повернутися до ВИБІР ПОСАДИ",
    "Go to CV restrictions": "Перейти до обмежень CV",

    "Steady, Tenacious, Tenacious": "Стійкий, наполегливий, наполегливий",
    "motor tasks": "Моторні завдання",
    "Repeated Rapid Hand Motions": "Повторювані швидкі рухи руками",
    "Deft, Precise": "Вправний, точний",
    "Reflexive Response": "Рефлексивна реакція",
    "perception of stimuli via the skin": "Сприйняття подразників шкірою",
    "Understanding what is written": "Розуміння написаного",
    "understanding spoken language": "Розуміння усного мовлення",
    "Communicate clearly, eloquently": "Чітко, виразно спілкуватися",
    "remember, remember, attentive": "Пам'ятати, бути уважним",
    "sense of orientation, spatial awareness, situational awareness": "Сенс орієнтації, просторова свідомість, обстановкова свідомість",
    "Hardly Distractable": "Важко відволікти",
    "multitasking, focused, alert": "Багатозадачність, зосереджений, бодрий",

    "Purposeful, persistent, persevering": "Цілеспрямований, наполегливий, витривалий",
    "cooperative, team-oriented, helpful": "Співпрацьовний, спрямований на роботу в команді, допоміжний",
    "Resilient, Calm, Resilient": "Стійкий, спокійний, витривалий",
    "Disciplined, Controlled, Reflective": "Дисциплінований, контрольований, рефлексивний",
    "Reliable, punctual, trustworthy": "Надійний, пунктуальний, достойний довіри",
    "Independent, responsible, self-determined": "Незалежний, відповідальний, самовизначений",

    "Can sit continuously": "Може сидіти безперервно",
    "Can sit and stand alternately": "Може чергувати сидяче і стояче положення",
    "Can stand continuously": "Може стояти безперервно",
    "Bend or twist body": "Згинання або обертання тіла",
    "lifting, carrying, pushing weight": "Підняття, носіння, тиск ваги",
    "Hand finished": "Ручне завершення",
    "Repetitive movement": "Повторювальний рух",
    "Written communication": "Письмова комунікація",

    "cooperation, empathy, adaptation of own behaviour": "Співпраця, співчуття, адаптація власної поведінки",

    "Communicative, cooperative, interactive": "Комунікативний, співпрацюючий, інтерактивний",
    "telephone conversations": "Телефонні розмови",
    "Exposed to Noise": "Вплив шуму",
    "temperature sensitivity hot": "Чутливість до високої температури",
    "temperature sensitivity cold": "Чутливість до низької температури",
    "Light sensitivity bright light": "Чутливість до яскравого світла",
    "photosensitivity dark light": "Фоточутливість темне світло",
    "work without instructions, specifications": "Робота без інструкцій, специфікацій",
    "Accurate, meticulous, precise": "Точний, докладний, точний",
    "Repetitive, monotonous, routine": "Повторювальний, монотонний, рутинний",
    "work on production facilities": "Робота на виробничих площадках",
    "Hectic, stressful, demanding": "Рухливий, напружений, вимагаючий",
    "fixed, constant, regulated, externally determined": "Фіксований, постійний, регульований, зовнішньо визначений",
    "unpredictable, changing, overtime": "Непередбачуваний, змінний, понаднормові години",

    "adaptable, variable, individual": "Адаптивний, змінний, індивідуальний",
    "Cooperative, helpful, engaged": "Співпрацюючий, допоміжний, зацікавлений",
    "Accessible, Public Transport Available": "Доступний, Громадський транспорт доступний",
    "Convenient commute to work": "Зручна дорога на роботу"
     
    

}