{
    "Restrictions / Client-e": "پابندیاں / کلائنٹ",
    "Candidat-e": "امیدوار / امیدوارہ",
    "1. Abilities": "1. صلاحیتیں",
    "08 Endurance": "08 ذخیرہ",
    "12 Body coordination": "12 جسمانی ہم آہنگی",
    "16 Manual Dexterity": "16 دستی مہارت",
    "17 Finger dexterity": "17 انگلیوں کی مہارت",
    "21 Responsiveness": "21 جواب دینے کی صلاحیت",
    "41 Tactile perception": "41 ٹیکٹائی حس",
    "44 Reading comprehension": "44 پڑھائی سمجھ",
    "46 Listening comprehension": "46 سننے کی سمجھ",
    "47 Oral expression": "47 زبانی اظہار",
    "59 Memory retention": "59 یاد رکھنے کی صلاحیت",
    "65 Spatial orientation": "65 فضائی تشریح",
    "68 Selective Attention": "68 منتخب کرنے والی توجہ",
    "69 Divided attention": "69 تقسیم کری ہوئی توجہ",
    "2. Working style": "2. کام کا انداز",
    "81 Persistence": "81 ثابت قدمی",
    "85 willingness to cooperate": "85 تعاون کی خواہش",
    "89 Stress Tolerance": "89 تنش برداشت",
    "91 Self-control": "91 خود کنٹرول",
    "94 Reliability": "94 قائمیت",
    "97 Independence": "97 آزادی",
    "3. Basic abilities": "3. بنیادی صلاحیتیں",
    "153.1 Sitting": "153.1 بیٹھ کر",
    "153.2 Sitting and standing alternately": "153.2 بیٹھنے اور کھڑے ہونے کی متداولی",
    "153.3 Standing": "153.3 کھڑا ہونا",
    "159 Bending or twisting": "159 موڑنا یا موڑنا",
    "160 Lifting, carrying, and pushing": "160 اٹھانا، اٹھا کر لے جانا، اور دھکیلنا",
    "161 Working with hands": "161 ہاتھوں کے ساتھ کام",
    "163 Repetitive movements": "163 متکرر حرکات",
    "168 Writing": "168 تختی",
    "4. Complex abilities": "4. پیچیدہ صلاحیتی",
    "199 Coordinating others' actions": "199 دوسرے کے اعمال کو تنظیم کرنا",
    "5. Working context": "5. کام کا سیاق وسباق",
    "237 Interacting with others": "237 دوسروں کے ساتھ تعامل",
    "239 Using the telephone": "239 ٹیلیفون استعمال کرنا",
    "265 Distracting Noises": "265 توجیہ گراتی آوازیں",
    "266.1 Hot temperatures": "266.1 گرم درجات حرارت",
    "266.2 Cold temperatures": "266.2 ٹھنڈی درجات حرارت",
    "267.1 Bright light": "267.1 روشن روشنی",
    "267.2 dark light": "267.2 اندھیری روشنی",
    "288 Unstructured work": "288 بے تشکل کام",
    "289 Precise work": "289 پرزہ کاری کام",
    "290 Repetitive Tasks": "290 تکرار والے کام",
    "291 Automated work": "291 خود کار کام",
    "295 Time pressure": "295 وقت کی دباؤ",
    "297 Required work pace": "297 مطلوبہ کام کی رفتار",
    "298 Irregular work hours": "298 غیر منظم کام کے اوقات",
    "6. Working environment": "6. کام کی ماحول",
    "304 Flexible work hours": "304 لچک دار کام کے اوقات",
    "308 Support from staff": "308 عملے کی حمایت",
    "312 Accessible transportation services": "312 قابل رسائی ٹرانسپورٹیشن سروسز",
    "313 Reasonable commute": "313 معقول سفر",
    "Update Profile": "پروفائل تازہ کریں",
    "Back to SELECT A JOB": "واپس ک ملازمت منتخب کریں",
    "Go to CV restrictions": "سی وی پابندیوں کی طرف جائیں",

    "Steady, Tenacious, Tenacious": "مستقل، مسلط، مستمر",
    "motor tasks": "موٹر کے کام",
    "Repeated Rapid Hand Motions": "مکرر تیز ہاتھ کی حرکتیں",
    "Deft, Precise": "ہوشیار، پر لگاہ",
    "Reflexive Response": "رفلیکسی جواب",
    "perception of stimuli via the skin": "جلد کے ذرائع کی مشاہدہ",
    "Understanding what is written": "لکھا ہوا سمجھنا",
    "understanding spoken language": "بولی گئی زبان کی سمجھ",
    "Communicate clearly, eloquently": "واضح طریقے سے بات کرنا",
    "remember, remember, attentive": "یاد رکھنا، توجہ دینا، چوکس رہنا",
    "sense of orientation, spatial awareness, situational awareness": "سمت کی شناخت، جغرافیائی وقوف، صورتحال کی آگاہی",
    "Hardly Distractable": "مشتت ہونے کی کمی",
    "multitasking, focused, alert": "متعدد کام، توجہ، چوکس",

    "Purposeful, persistent, persevering": "مقصد، ثابت قدم، مستقل",
    "cooperative, team-oriented, helpful": "مشترکہ، ٹیم کے رخ، مدد گار",
    "Resilient, Calm, Resilient": "مضبوط، پر سکون، مضبوط",
    "Disciplined, Controlled, Reflective": "منظم، قابوساز، سوچنے والا",
    "Reliable, punctual, trustworthy": "قابل اعتماد، وقت پر، امانت دار",
    "Independent, responsible, self-determined": "غیر تابع، ذمہ دار، خود مختار",

    "Can sit continuously": "مسلسل بیٹھ سکتا ہے",
    "Can sit and stand alternately": "مسلسل بیٹھ کھڑا ہو سکتا ہے",
    "Can stand continuously": "مسلسل کھڑا رہ سکتا ہے",
    "Bend or twist body": "جسم کو موڑنا یا گھمانا",
    "lifting, carrying, pushing weight": "وزن اٹھانا، اٹھانا، دھکیلنا",
    "Hand finished": "ہاتھ سے مکمل کرنا",
    "Repetitive movement": "تکراری حرکات",
    "Written communication": "لکھائی کا ارتباط",

    "cooperation, empathy, adaptation of own behaviour": "تعاون، ہمدردی، اپنے رویے کی تربیت",

    "Communicative, cooperative, interactive": "ٹیلیفونی مکالمات",
    "telephone conversations": "شور کا اثر",
    "Exposed to Noise": "درجہ حرارت کی حساسیت گرم",
    "temperature sensitivity hot": "درجہ حرارت کی حساسیت سرد",
    "temperature sensitivity cold": "روشنی کی حساسیت روشن روشنی",
    "Light sensitivity bright light": "تصویری حساسیت تاریک روشنی",
    "photosensitivity dark light": "ہدایات، مواصفات کے بغیر کام",
    "work without instructions, specifications": "درست، دھیان دینے والا، دقیق",
    "Accurate, meticulous, precise": "تکراری، بور، عادی",
    "Repetitive, monotonous, routine": "پیداواری اشیاء پر کام کرنا",
    "work on production facilities": "بھگتنے کا عمل، تنگی، مطالبت",
    "Hectic, stressful, demanding": "مستقل، مسلط، منظم، بیرونی طور پر معین",
    "fixed, constant, regulated, externally determined": "غیر متوقع، تبدیلی پذیر، اوور ٹائم",
    "unpredictable, changing, overtime": "تناسب پذیر، متغیر، انفرادی",

    "adaptable, variable, individual": "تعاونی، مددگار، مشغول",
    "Cooperative, helpful, engaged": "رسائی حاصل کریں، عوامی نقل وحمل دستیاب ہے",
    "Accessible, Public Transport Available": "کام کیلئے مناسب سفر کرنا",
    "Convenient commute to work": "کام کرنے کے لیے آسان سفر"
   
    
    
    
    }