{
    
"Restrictions / Client-e": "限制/客户",
 "Candidat-e": "候选人",
 "1. Abilities": "1. 能力",
 "08 Endurance": "08 耐力",
 "12 Body coordination": "12 身体协调",
 "16 Manual Dexterity": "16 手工灵巧",
 "17 Finger dexterity": "17 手指灵巧",
 "21 Responsiveness": "21 反应能力",
 "41 Tactile perception": "41 触觉感知",
 "44 Reading comprehension": "44 阅读理解",
 "46 Listening comprehension": "46 听力理解",
 "47 Oral expression": "47 口头表达",
 "59 Memory retention": "59 记忆保持",
 "65 Spatial orientation": "65 空间定向",
 "68 Selective Attention": "68 选择性注意力",
 "69 Divided attention": "69 分散注意力",
 "2. Working style": "2. 工作风格",
 "81 Persistence": "81 持久力",
 "85 willingness to cooperate": "85 合作意愿",
 "89 Stress Tolerance": "89 压力耐受性",
 "91 Self-control": "91 自我控制",
 "94 Reliability": "94 可靠性",
 "97 Independence": "97 独立性",
 "3. Basic abilities": "3. 基本能力",
 "153.1 Sitting": "153.1 坐着",
 "153.2 Sitting and standing alternately": "153.2 坐和站交替",
 "153.3 Standing": "153.3 站立",
 "159 Bending or twisting": "159 弯腰或扭曲",
 "160 Lifting, carrying, and pushing": "160 抬举、携带和推动",
 "161 Working with hands": "161 使用手进行工作",
 "163 Repetitive movements": "163 反复运动",
 "168 Writing": "168 书写",
 "4. Complex abilities": "4. 复杂能力",
 "199 Coordinating others' actions": "199 协调他人的行动",
 "5. Working context": "5. 工作背景",
 "237 Interacting with others": "237 与他人互动",
 "239 Using the telephone": "239 使用电话",
 "265 Distracting Noises": "265 分散的噪音",
 "266.1 Hot temperatures": "266.1 高温",
 "266.2 Cold temperatures": "266.2 低温",
 "267.1 Bright light": "267.1 明亮光线",
 "267.2 dark light": "267.2 暗光",
 "288 Unstructured work": "288 非结构化的工作",
 "289 Precise work": "289 精确的工作",
 "290 Repetitive Tasks": "290 重复的任务",
 "291 Automated work": "291 自动化的工作",
 "295 Time pressure": "295 时间压力",
 "297 Required work pace": "297 必要的工作速度",
 "298 Irregular work hours": "298 不规律的工作时间",
 "6. Working environment": "6. 工作环境",
 "304 Flexible work hours": "304 灵活的工作时间",
 "308 Support from staff": "308 得到员工支持",
 "312 Accessible transportation services": "312 可获得的交通服务",
 "313 Reasonable commute": "313 合理的通勤",
 "Update Profile": "更新个人资料",
 "Back to SELECT A JOB": "返回到选择职位",
 "Go to CV restrictions": "前往履历限制",

 "Steady, Tenacious, Tenacious": "稳健、顽强、坚韧、耐力表现",
 "motor tasks": "运动任务",
 "Repeated Rapid Hand Motions": "重复快速的手部动作",
 "Deft, Precise": "灵巧、精确",
 "Reflexive Response": "反射性反应",
 "perception of stimuli via the skin": "通过皮肤感知刺激",
 "Understanding what is written": "理解所写内容",
 "understanding spoken language": "理解口语",
 "Communicate clearly, eloquently": "清晰、流利地沟通",
 "remember, remember, attentive": "记住，记住，专心",
 "sense of orientation, spatial awareness, situational awareness": "方向感、空间意识、情境意识",
 "Hardly Distractable": "很难分散注意力",
 "multitasking, focused, alert": "多任务处理、专注、警觉",

 "Purposeful, persistent, persevering": "有目标、有毅力、持之以恒",
 "cooperative, team-oriented, helpful": "合作、团队导向、乐于助人",
 "Resilient, Calm, Resilient": "坚韧、冷静、坚韧",
 "Disciplined, Controlled, Reflective": "有纪律、有控制、善于反思",
 "Reliable, punctual, trustworthy": "可靠、准时、值得信赖",
 "Independent, responsible, self-determined": "独立、负责、自我决定",

 "Can sit continuously": "可以连续坐着",
 "Can sit and stand alternately": "可以坐着和站着交替",
 "Can stand continuously": "可以连续站立",
 "Bend or twist body": "弯曲或扭转身体",
 "lifting, carrying, pushing weight": "举起、搬运、推动重物",
 "Hand finished": "手工完成",
 "Repetitive movement": "重复动作",
 "Written communication": "书面沟通",

 "cooperation, empathy, adaptation of own behaviour": "合作、同理心、适应自己的行为",

 "Communicative, cooperative, interactive": "沟通、合作、互动",
 "telephone conversations": "电话交谈",
 "Exposed to Noise": "暴露在噪音中",
 "temperature sensitivity hot": "温度敏感度热",
 "temperature sensitivity cold": "温度敏感度 冷",
 "Light sensitivity bright light": "光敏度强光",
 "photosensitivity dark light": "光敏性 暗光",
 "work without instructions, specifications": "没有说明、规范的情况下工作",
 "Accurate, meticulous, precise": "准确、细致、精确",
 "Repetitive, monotonous, routine": "重复、单调、例行公事",
 "work on production facilities": "生产设施工作",
 "Hectic, stressful, demanding": "忙碌、压力大、要求高",
 "fixed, constant, regulated, externally determined": "固定的、恒定的、调节的、外部确定的",
 "unpredictable, changing, overtime": "不可预测、变化、加班",

 "adaptable, variable, individual": "适应性强、可变、个性化",
 "Cooperative, helpful, engaged": "合作、乐于助人、投入",
 "Accessible, Public Transport Available": "无障碍、公共交通便利",
 "Convenient commute to work": "上班通勤方便"
 
    
    }