{
    "CV/Job Health restrictions": "تحديد أسباب القيود الحالية يسهم في تحسين عرض الوظائف.",
    "Actual QUALIFICATIONS": "قائمة بالمؤهلات المعترف بها في السيرة الذاتية.",
    "QUALIFICATIONS for Job Mapping": "يمكن النظر في المؤهلات أو استبعادها لرسم خريطة الوظائف عن طريق تحديدها ببساطة.",
    "Use to map Jobs": "المؤهلات المطلوب استخدامها لرسم خريطة الوظائف.",
    "Diselect before map Jobs" : "المؤهلات التي يجب عدم استخدامها لرسم خريطة الوظائف.",
    "Health restrictions Client-e": "لالتقاط القيود الصحية للعميل.",
    "Health requirements Jobs": "لالتقاط متطلبات الصحة للوظيفة."
    
    }