{
    "CV/Job Health restrictions": "Die Angabe der Ursachen für die bestehenden Einschränkungen trägt dazu bei, das Stellenangebot zu optimieren.",
    "Actual QUALIFICATIONS": "Auflistung der im Lebenslauf erkennbaren Qualifikationen.",
    "QUALIFICATIONS for Job Mapping": "Die Qualifikationen können durch einfaches Auswählen für das Job Mapping berücksichtigt oder ausgeschlossen werden.",
    "Use to map Jobs": "Qualifikationen, welche für das Job Mapping verwendet werden sollen.",
    "Diselect before map Jobs" : "Qualifikationen, die nicht für das Job Mapping verwendet werden sollen.",
    "Health restrictions Client-e": "Zur Erfassung der gesundheitlichen Einschränkungen des/r Klient-in.",
    "Health requirements Jobs": "Zur Erfassung der gesundheitlichen Anforderungen des Jobs."
    
    }