{
"CV/Job Health restrictions": "Specifying the causes of the existing limitations contributes to optimizing the job offer.",
"Actual QUALIFICATIONS": "List of qualifications recognizable in the CV.",
"QUALIFICATIONS for Job Mapping": "The qualifications can be considered or excluded for job mapping by simply selecting them.",
"Use to map Jobs": "Qualifications to be used for job mapping.",
"Diselect before map Jobs" : "Qualifications that should not be used for job mapping.",
"Health restrictions Client-e": "For capturing the health restrictions of the client-e.",
"Health requirements Jobs": "For capturing the health requirements of the job."

}