{
    "CV/Job Health restrictions": "La spécification des causes des limitations existantes contribue à optimiser l'offre d'emploi.",
    "Actual QUALIFICATIONS": "Liste des qualifications qui sont identifiables dans le CV.",
    "QUALIFICATIONS for Job Mapping": "Les qualifications peuvent être prises en compte ou exclues pour le mapping avec les postes en les sélectionnant simplement.",
    "Use to map Jobs": "Qualifications à prendre en compte pour le mapping avec les postes",
    "Diselect before map Jobs" : "Qualifications à ne pas prendre en compte pour pour le mapping avec les postes.",
    "Health restrictions Client-e": "Pour recueillir les restrictions de santé du-de la Client-e.",
    "Health requirements Jobs": "Pour recueillir les exigences de santé liées à l'emploi."
    
    }