{
    "CV/Job Health restrictions": "Specificare le cause delle limitazioni attuali contribuisce a ottimizzare l'offerta di lavoro.",
    "Actual QUALIFICATIONS": "Elenco delle qualifiche riconoscibili nel CV.",
    "QUALIFICATIONS for Job Mapping": "Le qualifiche possono essere prese in considerazione o escluse per la mappatura dei lavori selezionandole semplicemente.",
    "Use to map Jobs": "Qualifiche da utilizzare per la mappatura dei lavori.",
    "Diselect before map Jobs" : "Qualifiche che non dovrebbero essere utilizzate per la mappatura dei lavori.",
    "Health restrictions Client-e": "Per catturare le limitazioni di salute del cliente.",
    "Health requirements Jobs": "Per catturare i requisiti di salute del lavoro."
    
    }