{
    "CV/Job Health restrictions": "Especificar as causas das limitações existentes contribui para otimizar a oferta de trabalho.",
    "Actual QUALIFICATIONS": "Lista de qualificações reconhecíveis no currículo.",
    "QUALIFICATIONS for Job Mapping": "As qualificações podem ser consideradas ou excluídas para a mapeamento de empregos, simplesmente selecionando-as.",
    "Use to map Jobs": "Qualificações a serem usadas para o mapeamento de empregos.",
    "Diselect before map Jobs" : "Qualificações que não devem ser usadas para o mapeamento de empregos.",
    "Health restrictions Client-e": "Para capturar as restrições de saúde do cliente.",
    "Health requirements Jobs": "Para capturar os requisitos de saúde do trabalho."
    
    }