{
    "CV/Job Health restrictions": "Вказання причин існуючих обмежень сприяє оптимізації пропозиції роботи.",
    "Actual QUALIFICATIONS": "Список кваліфікацій, які можна визнати у резюме.",
    "QUALIFICATIONS for Job Mapping": "Кваліфікації можна враховувати або виключати для картографування робіт, просто вибравши їх.",
    "Use to map Jobs": "Кваліфікації, які слід використовувати для картографування робіт.",
    "Diselect before map Jobs" : "Кваліфікації, які не повинні використовуватися для картографування робіт.",
    "Health restrictions Client-e": "Для визначення обмежень здоров'я клієнта.",
    "Health requirements Jobs": "Для визначення вимог до здоров'я роботи."
    
    }