{
"CV/Job Health restrictions": "موجودہ محدودیتوں کی وجوہات کی وضاحت وظیفہ کی پیشکش کو بہتر بنانے میں مدد فراہم کرتی ہے۔",
"Actual QUALIFICATIONS": "سیرتِ ذاتی میں قابل تسلیم مؤہد کی فہرست۔",
"QUALIFICATIONS for Job Mapping": "مؤہد کو بسادگی موجودہ نوکریوں کی میپنگ کے لئے مد نظر آ سکتی ہیں یا ان کو خارج کرنے کے لئے سادہ طریقے سے منتخب کیا جاسکتا ہے۔",
"Use to map Jobs": "نوکریوں کی میپنگ کے لئے استعمال کی جانے والی مؤہد کی فہرست۔",
"Diselect before map Jobs" : "نوکریوں کی میپنگ کے لئے استعمال نہ کی جانے والی مؤہد کی فہرست۔",
"Health restrictions Client-e": "صحتی محدودیتوں کو کلائنٹ کیلئے پکڑنے کے لئے۔",
"Health requirements Jobs": "کام کی صحتی ضروریات کو پکڑنے کے لئے۔"

}