{
"CV/Job Health restrictions": "指明现有限制的原因有助于优化工作提供。",
"Actual QUALIFICATIONS": "在简历中可识别的资格列表。",
"QUALIFICATIONS for Job Mapping": "可以通过简单选择来考虑或排除用于工作映射的资格。",
"Use to map Jobs": "用于工作映射的资格。",
"Diselect before map Jobs" : "不应用于工作映射的资格。",
"Health restrictions Client-e": "用于捕捉客户的健康限制。",
"Health requirements Jobs": "用于捕捉工作的健康要求。"

}